,landmass,zone,area,population,language,religion,bars,stripes,colors,red,green,blue,gold,white,black,orange,circles,crosses,saltires,quarters,sunstars,crescent,triangle,icon,animate,text
count,194.0,194.0,194.0,194.0,194.0,194.0,194.0,194.0,194.0,194.0,194.0,194.0,194.0,194.0,194.0,194.0,194.0,194.0,194.0,194.0,194.0,194.0,194.0,194.0,194.0,194.0
mean,3.5721649484536084,2.211340206185567,700.0463917525773,23.2680412371134,5.34020618556701,2.1907216494845363,0.4536082474226804,1.5515463917525774,3.463917525773196,0.788659793814433,0.4690721649484536,0.5103092783505154,0.4690721649484536,0.7525773195876289,0.26804123711340205,0.13402061855670103,0.17010309278350516,0.14948453608247422,0.09278350515463918,0.14948453608247422,1.3865979381443299,0.05670103092783505,0.13917525773195877,0.25257731958762886,0.20103092783505155,0.08247422680412371
std,1.553017605339873,1.308273892562478,2170.927931995799,91.9340849095921,3.496516691338864,2.061167357466981,1.0383388343185025,2.3280053683885638,1.3001542807622937,0.40931543726492503,0.5003337383062592,0.5011870956913795,0.5003337383062592,0.4326308921116919,0.4440852253901953,0.34155590289999793,0.4630748657460494,0.3853868822137381,0.29087946782856766,0.43585986989455533,4.396186026368919,0.23186882860291536,0.34702486838989083,0.4356146948674807,0.4018080497987464,0.2757975939050294
min,1.0,1.0,0.0,0.0,1.0,0.0,0.0,0.0,1.0,0.0,0.0,0.0,0.0,0.0,0.0,0.0,0.0,0.0,0.0,0.0,0.0,0.0,0.0,0.0,0.0,0.0
25%,3.0,1.0,9.0,0.0,2.0,1.0,0.0,0.0,3.0,1.0,0.0,0.0,0.0,1.0,0.0,0.0,0.0,0.0,0.0,0.0,0.0,0.0,0.0,0.0,0.0,0.0
50%,4.0,2.0,111.0,4.0,6.0,1.0,0.0,0.0,3.0,1.0,0.0,1.0,0.0,1.0,0.0,0.0,0.0,0.0,0.0,0.0,0.0,0.0,0.0,0.0,0.0,0.0
75%,5.0,4.0,471.25,14.0,9.0,4.0,0.0,3.0,4.0,1.0,1.0,1.0,1.0,1.0,1.0,0.0,0.0,0.0,0.0,0.0,1.0,0.0,0.0,0.75,0.0,0.0
max,6.0,4.0,22402.0,1008.0,10.0,7.0,5.0,14.0,8.0,1.0,1.0,1.0,1.0,1.0,1.0,1.0,4.0,2.0,1.0,4.0,50.0,1.0,1.0,1.0,1.0,1.0
